,temperature,seawater,concentration,time,component,degradation_rate
0,35.6,sea,70.0,30.0,C23,0.670913859
1,35.6,sea,70.0,30.0,C24,0.680070736
2,35.6,sea,70.0,30.0,C25,0.655230275
3,35.6,sea,70.0,30.0,C26,0.625193375
4,35.6,sea,70.0,30.0,C28a,0.605853429
5,35.6,sea,70.0,30.0,C28b,0.620194626
6,35.6,sea,70.0,30.0,C29a,0.601532458
7,35.6,sea,70.0,30.0,C29b,0.540791016
8,35.6,sea,70.0,30.0,Ts,0.607212194
9,35.6,sea,70.0,30.0,Tm,0.455690589
10,35.6,sea,70.0,30.0,C29,0.59227611
11,35.6,sea,70.0,30.0,C30,0.599575518
12,35.6,sea,70.0,30.0,H31S,0.540472083
13,35.6,sea,70.0,30.0,H31R,0.480518075
14,35.6,sea,70.0,30.0,H32S,0.556031036
15,35.6,sea,70.0,30.0,H32R,0.570589889
16,35.6,sea,70.0,30.0,H33S,0.581148612
17,35.6,sea,70.0,30.0,H33R,0.586163868
18,35.6,sea,70.0,30.0,H34S,0.575173873
19,35.6,sea,70.0,30.0,H34R,0.650410329
20,35.6,sea,70.0,30.0,C23,0.641416956
21,35.6,sea,70.0,30.0,C24,0.636392872
22,35.6,sea,70.0,30.0,C25,0.618457468
23,35.6,sea,70.0,30.0,C26,0.648655337
24,35.6,sea,70.0,30.0,C28a,0.557780467
25,35.6,sea,70.0,30.0,C28b,0.624671028
26,35.6,sea,70.0,30.0,C29a,0.581084265
27,35.6,sea,70.0,30.0,C29b,0.564868166
28,35.6,sea,70.0,30.0,Ts,0.5829472
29,35.6,sea,70.0,30.0,Tm,0.451896624
30,35.6,sea,70.0,30.0,C29,0.592074514
31,35.6,sea,70.0,30.0,C30,0.59905525
32,35.6,sea,70.0,30.0,H31S,0.54949619
33,35.6,sea,70.0,30.0,H31R,0.494069376
34,35.6,sea,70.0,30.0,H32S,0.55132783
35,35.6,sea,70.0,30.0,H32R,0.573210006
36,35.6,sea,70.0,30.0,H33S,0.583266426
37,35.6,sea,70.0,30.0,H33R,0.536231977
38,35.6,sea,70.0,30.0,H34S,0.589709719
39,35.6,sea,70.0,30.0,H34R,0.585365819
40,35.6,sea,70.0,30.0,C23,0.642980102
41,35.6,sea,70.0,30.0,C24,0.652838636
42,35.6,sea,70.0,30.0,C25,0.607279504
43,35.6,sea,70.0,30.0,C26,0.624820015
44,35.6,sea,70.0,30.0,C28a,0.547356264
45,35.6,sea,70.0,30.0,C28b,0.610775723
46,35.6,sea,70.0,30.0,C29a,0.608941398
47,35.6,sea,70.0,30.0,C29b,0.589859741
48,35.6,sea,70.0,30.0,Ts,0.601898889
49,35.6,sea,70.0,30.0,Tm,0.465391121
50,35.6,sea,70.0,30.0,C29,0.574840675
51,35.6,sea,70.0,30.0,C30,0.599137203
52,35.6,sea,70.0,30.0,H31S,0.551977405
53,35.6,sea,70.0,30.0,H31R,0.50424267
54,35.6,sea,70.0,30.0,H32S,0.558593351
55,35.6,sea,70.0,30.0,H32R,0.536343743
56,35.6,sea,70.0,30.0,H33S,0.738848994
57,35.6,sea,70.0,30.0,H33R,0.765631426
58,35.6,sea,70.0,30.0,H34S,0.779458383
59,35.6,sea,70.0,30.0,H34R,0.825904384
60,35.6,sea,70.0,30.0,C23,0.64707957
61,35.6,sea,70.0,30.0,C24,0.673695247
62,35.6,sea,70.0,30.0,C25,0.649156839
63,35.6,sea,70.0,30.0,C26,0.629781856
64,35.6,sea,70.0,30.0,C28a,0.584218773
65,35.6,sea,70.0,30.0,C28b,0.632807665
66,35.6,sea,70.0,30.0,C29a,0.624965683
67,35.6,sea,70.0,30.0,C29b,0.58716932
68,35.6,sea,70.0,30.0,Ts,0.621805151
69,35.6,sea,70.0,30.0,Tm,0.47384262
70,35.6,sea,70.0,30.0,C29,0.586388924
71,35.6,sea,70.0,30.0,C30,0.595575014
72,35.6,sea,70.0,30.0,H31S,0.551764492
73,35.6,sea,70.0,30.0,H31R,0.49792416
74,35.6,sea,70.0,30.0,H32S,0.558023638
75,35.6,sea,70.0,30.0,H32R,0.561156727
76,35.6,sea,70.0,30.0,H33S,0.614416852
77,35.6,sea,70.0,30.0,H33R,0.626889659
78,35.6,sea,70.0,30.0,H34S,0.581471932
79,35.6,sea,70.0,30.0,H34R,0.61230312
80,35.6,sea,70.0,30.0,C23,0.674050947
81,35.6,sea,70.0,30.0,C24,0.623306278
82,35.6,sea,70.0,30.0,C25,0.622312007
83,35.6,sea,70.0,30.0,C26,0.633369747
84,35.6,sea,70.0,30.0,C28a,0.69640068
85,35.6,sea,70.0,30.0,C28b,0.706843828
86,35.6,sea,70.0,30.0,C29a,0.592929136
87,35.6,sea,70.0,30.0,C29b,0.57525674
88,35.6,sea,70.0,30.0,Ts,0.597060659
89,35.6,sea,70.0,30.0,Tm,0.494625191
90,35.6,sea,70.0,30.0,C29,0.628316861
91,35.6,sea,70.0,30.0,C30,0.64035509
92,35.6,sea,70.0,30.0,H31S,0.617105024
93,35.6,sea,70.0,30.0,H31R,0.602417924
94,35.6,sea,70.0,30.0,H32S,0.59868624
95,35.6,sea,70.0,30.0,H32R,0.639785874
96,35.6,sea,70.0,30.0,H33S,0.668532698
97,35.6,sea,70.0,30.0,H33R,0.791121946
98,35.6,sea,70.0,30.0,H34S,0.728370104
99,35.6,sea,70.0,30.0,H34R,0.779844809
100,86.0,sea,70.0,30.0,C23,0.677998968
101,86.0,sea,70.0,30.0,C24,0.816596378
102,86.0,sea,70.0,30.0,C25,0.861522671
103,86.0,sea,70.0,30.0,C26,0.864814529
104,86.0,sea,70.0,30.0,C28a,0.975363995
105,86.0,sea,70.0,30.0,C28b,0.866930409
106,86.0,sea,70.0,30.0,C29a,0.874932018
107,86.0,sea,70.0,30.0,C29b,0.815782207
108,86.0,sea,70.0,30.0,Ts,0.754335174
109,86.0,sea,70.0,30.0,Tm,0.654674643
110,86.0,sea,70.0,30.0,C29,0.900886091
111,86.0,sea,70.0,30.0,C30,0.92412971
112,86.0,sea,70.0,30.0,H31S,0.844079262
113,86.0,sea,70.0,30.0,H31R,0.778735365
114,86.0,sea,70.0,30.0,H32S,0.883427257
115,86.0,sea,70.0,30.0,H32R,0.867283546
116,86.0,sea,70.0,30.0,H33S,0.868025593
117,86.0,sea,70.0,30.0,H33R,0.880453693
118,86.0,sea,70.0,30.0,H34S,0.868851243
119,86.0,sea,70.0,30.0,H34R,0.979456653
120,86.0,sea,70.0,30.0,C23,0.644241769
121,86.0,sea,70.0,30.0,C24,0.715803469
122,86.0,sea,70.0,30.0,C25,0.796773298
123,86.0,sea,70.0,30.0,C26,0.804784432
124,86.0,sea,70.0,30.0,C28a,0.918704141
125,86.0,sea,70.0,30.0,C28b,0.841755184
126,86.0,sea,70.0,30.0,C29a,0.844830925
127,86.0,sea,70.0,30.0,C29b,0.760749241
128,86.0,sea,70.0,30.0,Ts,0.749943974
129,86.0,sea,70.0,30.0,Tm,0.649995778
130,86.0,sea,70.0,30.0,C29,0.833351893
131,86.0,sea,70.0,30.0,C30,0.870732695
132,86.0,sea,70.0,30.0,H31S,0.800958262
133,86.0,sea,70.0,30.0,H31R,0.746864296
134,86.0,sea,70.0,30.0,H32S,0.821317826
135,86.0,sea,70.0,30.0,H32R,0.835507059
136,86.0,sea,70.0,30.0,H33S,0.868571617
137,86.0,sea,70.0,30.0,H33R,0.85556049
138,86.0,sea,70.0,30.0,H34S,0.833475957
139,86.0,sea,70.0,30.0,H34R,0.864356102
140,86.0,sea,70.0,30.0,C23,0.673540073
141,86.0,sea,70.0,30.0,C24,0.754720294
142,86.0,sea,70.0,30.0,C25,0.836181579
143,86.0,sea,70.0,30.0,C26,0.845146759
144,86.0,sea,70.0,30.0,C28a,0.798387953
145,86.0,sea,70.0,30.0,C28b,0.881462584
146,86.0,sea,70.0,30.0,C29a,0.863769908
147,86.0,sea,70.0,30.0,C29b,0.769950175
148,86.0,sea,70.0,30.0,Ts,0.781414398
149,86.0,sea,70.0,30.0,Tm,0.631457433
150,86.0,sea,70.0,30.0,C29,0.855631241
151,86.0,sea,70.0,30.0,C30,0.87675727
152,86.0,sea,70.0,30.0,H31S,0.814314139
153,86.0,sea,70.0,30.0,H31R,0.752272255
154,86.0,sea,70.0,30.0,H32S,0.845595464
155,86.0,sea,70.0,30.0,H32R,0.825265017
156,86.0,sea,70.0,30.0,H33S,0.863809949
157,86.0,sea,70.0,30.0,H33R,0.795446908
158,86.0,sea,70.0,30.0,H34S,0.852703564
159,86.0,sea,70.0,30.0,H34R,0.885157018
160,86.0,sea,70.0,30.0,C23,0.539350841
161,86.0,sea,70.0,30.0,C24,0.612913683
162,86.0,sea,70.0,30.0,C25,0.689784342
163,86.0,sea,70.0,30.0,C26,0.708485777
164,86.0,sea,70.0,30.0,C28a,0.704831681
165,86.0,sea,70.0,30.0,C28b,0.772446327
166,86.0,sea,70.0,30.0,C29a,0.748479611
167,86.0,sea,70.0,30.0,C29b,0.673549909
168,86.0,sea,70.0,30.0,Ts,0.677895202
169,86.0,sea,70.0,30.0,Tm,0.566271181
170,86.0,sea,70.0,30.0,C29,0.761647248
171,86.0,sea,70.0,30.0,C30,0.806048062
172,86.0,sea,70.0,30.0,H31S,0.761084673
173,86.0,sea,70.0,30.0,H31R,0.674478082
174,86.0,sea,70.0,30.0,H32S,0.756912245
175,86.0,sea,70.0,30.0,H32R,0.752390577
176,86.0,sea,70.0,30.0,H33S,0.819808152
177,86.0,sea,70.0,30.0,H33R,0.880556453
178,86.0,sea,70.0,30.0,H34S,0.782850075
179,86.0,sea,70.0,30.0,H34R,0.806066081
180,86.0,sea,70.0,30.0,C23,0.727732249
181,86.0,sea,70.0,30.0,C24,0.810695227
182,86.0,sea,70.0,30.0,C25,0.854484418
183,86.0,sea,70.0,30.0,C26,0.864814529
184,86.0,sea,70.0,30.0,C28a,0.850868499
185,86.0,sea,70.0,30.0,C28b,0.86829867
186,86.0,sea,70.0,30.0,C29a,0.9063661
187,86.0,sea,70.0,30.0,C29b,0.761663977
188,86.0,sea,70.0,30.0,Ts,0.824470311
189,86.0,sea,70.0,30.0,Tm,0.713118162
190,86.0,sea,70.0,30.0,C29,0.910610178
191,86.0,sea,70.0,30.0,C30,0.95873051
192,86.0,sea,70.0,30.0,H31S,0.88739064
193,86.0,sea,70.0,30.0,H31R,0.808368964
194,86.0,sea,70.0,30.0,H32S,0.898564426
195,86.0,sea,70.0,30.0,H32R,0.886424195
196,86.0,sea,70.0,30.0,H33S,0.951947259
197,86.0,sea,70.0,30.0,H33R,0.983681489
198,86.0,sea,70.0,30.0,H34S,0.949143532
199,86.0,sea,70.0,30.0,H34R,0.939882647
200,86.0,sea,70.0,30.0,C23,0.652527491
201,86.0,sea,70.0,30.0,C24,0.718823834
202,86.0,sea,70.0,30.0,C25,0.733590682
203,86.0,sea,70.0,30.0,C26,0.749409441
204,86.0,sea,70.0,30.0,C28a,0.683469174
205,86.0,sea,70.0,30.0,C28b,0.761294423
206,86.0,sea,70.0,30.0,C29a,0.748878981
207,86.0,sea,70.0,30.0,C29b,0.686637667
208,86.0,sea,70.0,30.0,Ts,0.668667971
209,86.0,sea,70.0,30.0,Tm,0.544627279
210,86.0,sea,70.0,30.0,C29,0.734021986
211,86.0,sea,70.0,30.0,C30,0.743084482
212,86.0,sea,70.0,30.0,H31S,0.687191999
213,86.0,sea,70.0,30.0,H31R,0.608927253
214,86.0,sea,70.0,30.0,H32S,0.675708774
215,86.0,sea,70.0,30.0,H32R,0.706643379
216,86.0,sea,70.0,30.0,H33S,0.71847414
217,86.0,sea,70.0,30.0,H33R,0.78114071
218,86.0,sea,70.0,30.0,H34S,0.690229489
219,86.0,sea,70.0,30.0,H34R,0.699377371
220,86.0,sea,70.0,30.0,C23,0.810494223
221,86.0,sea,70.0,30.0,C24,0.827838786
222,86.0,sea,70.0,30.0,C25,0.888565233
223,86.0,sea,70.0,30.0,C26,0.924176899
224,86.0,sea,70.0,30.0,C28a,0.982451153
225,86.0,sea,70.0,30.0,C28b,1.00448035
226,86.0,sea,70.0,30.0,C29a,0.963910304
227,86.0,sea,70.0,30.0,C29b,0.884218263
228,86.0,sea,70.0,30.0,Ts,0.909074874
229,86.0,sea,70.0,30.0,Tm,0.719636813
230,86.0,sea,70.0,30.0,C29,0.967706002
231,86.0,sea,70.0,30.0,C30,1.001357754
232,86.0,sea,70.0,30.0,H31S,0.913399355
233,86.0,sea,70.0,30.0,H31R,0.840023698
234,86.0,sea,70.0,30.0,H32S,0.930944638
235,86.0,sea,70.0,30.0,H32R,0.920721475
236,86.0,sea,70.0,30.0,H33S,0.955063891
237,86.0,sea,70.0,30.0,H33R,0.975536338
238,86.0,sea,70.0,30.0,H34S,0.924170421
239,86.0,sea,70.0,30.0,H34R,0.996006607
240,86.0,sea,70.0,30.0,C23,0.655182058
241,86.0,sea,70.0,30.0,C24,0.707459976
242,86.0,sea,70.0,30.0,C25,0.754733867
243,86.0,sea,70.0,30.0,C26,0.746650112
244,86.0,sea,70.0,30.0,C28a,0.708373549
245,86.0,sea,70.0,30.0,C28b,0.784026882
246,86.0,sea,70.0,30.0,C29a,0.740180432
247,86.0,sea,70.0,30.0,C29b,0.678143394
248,86.0,sea,70.0,30.0,Ts,0.783829634
249,86.0,sea,70.0,30.0,Tm,0.556586495
250,86.0,sea,70.0,30.0,C29,0.755984618
251,86.0,sea,70.0,30.0,C30,0.772977088
252,86.0,sea,70.0,30.0,H31S,0.703668069
253,86.0,sea,70.0,30.0,H31R,0.624245182
254,86.0,sea,70.0,30.0,H32S,0.691600295
255,86.0,sea,70.0,30.0,H32R,0.683619014
256,86.0,sea,70.0,30.0,H33S,0.742991858
257,86.0,sea,70.0,30.0,H33R,0.756141866
258,86.0,sea,70.0,30.0,H34S,0.710330787
259,86.0,sea,70.0,30.0,H34R,0.720029002
260,35.6,sea,70.0,60.0,C23,0.640457693
261,35.6,sea,70.0,60.0,C24,0.710422677
262,35.6,sea,70.0,60.0,C25,0.857703993
263,35.6,sea,70.0,60.0,C26,0.775150858
264,35.6,sea,70.0,60.0,C28a,0.977153012
265,35.6,sea,70.0,60.0,C28b,1.036944704
266,35.6,sea,70.0,60.0,C29a,0.993288654
267,35.6,sea,70.0,60.0,C29b,0.873646716
268,35.6,sea,70.0,60.0,Ts,1.10494992
269,35.6,sea,70.0,60.0,Tm,1.021832836
270,35.6,sea,70.0,60.0,C29,1.011333604
271,35.6,sea,70.0,60.0,C30,1.016934208
272,35.6,sea,70.0,60.0,H31S,0.977590531
273,35.6,sea,70.0,60.0,H31R,1.055680183
274,35.6,sea,70.0,60.0,H32S,0.92919198
275,35.6,sea,70.0,60.0,H32R,0.944445814
276,35.6,sea,70.0,60.0,H33S,0.957699619
277,35.6,sea,70.0,60.0,H33R,0.967624462
278,35.6,sea,70.0,60.0,H34S,1.168460393
279,35.6,sea,70.0,60.0,H34R,1.089375048
280,35.6,sea,70.0,60.0,C23,0.946588236
281,35.6,sea,70.0,60.0,C24,0.981279691
282,35.6,sea,70.0,60.0,C25,0.999104578
283,35.6,sea,70.0,60.0,C26,0.9425926
284,35.6,sea,70.0,60.0,C28a,1.022024188
285,35.6,sea,70.0,60.0,C28b,1.065599623
286,35.6,sea,70.0,60.0,C29a,1.092982802
287,35.6,sea,70.0,60.0,C29b,0.889462593
288,35.6,sea,70.0,60.0,Ts,1.036894313
289,35.6,sea,70.0,60.0,Tm,1.015386197
290,35.6,sea,70.0,60.0,C29,0.985453507
291,35.6,sea,70.0,60.0,C30,0.959167898
292,35.6,sea,70.0,60.0,H31S,0.921726728
293,35.6,sea,70.0,60.0,H31R,0.969799612
294,35.6,sea,70.0,60.0,H32S,0.822041652
295,35.6,sea,70.0,60.0,H32R,0.883805706
296,35.6,sea,70.0,60.0,H33S,0.839710339
297,35.6,sea,70.0,60.0,H33R,0.830892754
298,35.6,sea,70.0,60.0,H34S,0.794408839
299,35.6,sea,70.0,60.0,H34R,0.834782459
300,35.6,sea,70.0,60.0,C23,0.906848308
301,35.6,sea,70.0,60.0,C24,0.915178556
302,35.6,sea,70.0,60.0,C25,0.886873965
303,35.6,sea,70.0,60.0,C26,0.901109653
312,35.6,sea,70.0,60.0,H31S,0.911559379
313,35.6,sea,70.0,60.0,H31R,0.962790525
314,35.6,sea,70.0,60.0,H32S,0.837981208
315,35.6,sea,70.0,60.0,H32R,0.880886389
316,35.6,sea,70.0,60.0,H33S,0.849754968
317,35.6,sea,70.0,60.0,H33R,0.845011844
318,35.6,sea,70.0,60.0,H34S,0.735604921
319,35.6,sea,70.0,60.0,H34R,0.687579373
320,86.0,sea,70.0,60.0,C23,0.597994167
321,86.0,sea,70.0,60.0,C24,0.669820756
322,86.0,sea,70.0,60.0,C25,0.831863233
323,86.0,sea,70.0,60.0,C26,0.813802976
324,86.0,sea,70.0,60.0,C28a,0.97951706
325,86.0,sea,70.0,60.0,C28b,1.055943424
326,86.0,sea,70.0,60.0,C29a,1.057690251
327,86.0,sea,70.0,60.0,C29b,1.017049541
328,86.0,sea,70.0,60.0,Ts,1.062293832
329,86.0,sea,70.0,60.0,Tm,1.024987819
330,86.0,sea,70.0,60.0,C29,0.967413541
331,86.0,sea,70.0,60.0,C30,0.956310029
332,86.0,sea,70.0,60.0,H31S,0.903123359
333,86.0,sea,70.0,60.0,H31R,0.971998624
334,86.0,sea,70.0,60.0,H32S,0.829468663
335,86.0,sea,70.0,60.0,H32R,0.882330358
336,86.0,sea,70.0,60.0,H33S,0.855165382
337,86.0,sea,70.0,60.0,H33R,0.871425138
338,86.0,sea,70.0,60.0,H34S,0.886913827
339,86.0,sea,70.0,60.0,H34R,0.690613082
340,86.0,sea,70.0,60.0,C23,0.530418707
341,86.0,sea,70.0,60.0,C24,0.704759487
342,86.0,sea,70.0,60.0,C25,0.854315213
343,86.0,sea,70.0,60.0,C26,0.856252009
344,86.0,sea,70.0,60.0,C28a,1.155712899
345,86.0,sea,70.0,60.0,C28b,1.09063708
346,86.0,sea,70.0,60.0,C29a,1.047398366
347,86.0,sea,70.0,60.0,C29b,0.949817603
348,86.0,sea,70.0,60.0,Ts,1.051957152
349,86.0,sea,70.0,60.0,Tm,1.031852729
350,86.0,sea,70.0,60.0,C29,0.977831792
351,86.0,sea,70.0,60.0,C30,0.962798674
352,86.0,sea,70.0,60.0,H31S,0.926447359
353,86.0,sea,70.0,60.0,H31R,0.975096226
354,86.0,sea,70.0,60.0,H32S,0.847018895
355,86.0,sea,70.0,60.0,H32R,0.860373722
356,86.0,sea,70.0,60.0,H33S,0.843536186
357,86.0,sea,70.0,60.0,H33R,0.884345373
358,86.0,sea,70.0,60.0,H34S,0.947315454
359,86.0,sea,70.0,60.0,H34R,0.808815481
360,86.0,sea,70.0,60.0,C23,0.58275827
361,86.0,sea,70.0,60.0,C24,0.692056641
362,86.0,sea,70.0,60.0,C25,0.801217239
363,86.0,sea,70.0,60.0,C26,0.707939237
364,86.0,sea,70.0,60.0,C28a,0.882970294
365,86.0,sea,70.0,60.0,C28b,0.971200322
366,86.0,sea,70.0,60.0,C29a,0.883986583
367,86.0,sea,70.0,60.0,C29b,0.721397044
368,86.0,sea,70.0,60.0,Ts,0.973658086
369,86.0,sea,70.0,60.0,Tm,0.782813314
370,86.0,sea,70.0,60.0,C29,0.759958124
371,86.0,sea,70.0,60.0,C30,0.719189613
372,86.0,sea,70.0,60.0,H31S,0.702300678
373,86.0,sea,70.0,60.0,H31R,0.696733659
374,86.0,sea,70.0,60.0,H32S,0.649031135
375,86.0,sea,70.0,60.0,H32R,0.632951054
376,86.0,sea,70.0,60.0,H33S,0.614264041
377,86.0,sea,70.0,60.0,H33R,0.653093501
378,86.0,sea,70.0,60.0,H34S,0.508942318
379,86.0,sea,70.0,60.0,H34R,0.529864294
380,86.0,sea,70.0,60.0,C23,0.775377206
381,86.0,sea,70.0,60.0,C24,0.957385952
382,86.0,sea,70.0,60.0,C25,1.078100993
383,86.0,sea,70.0,60.0,C26,1.004814613
384,86.0,sea,70.0,60.0,C28a,1.468087242
385,86.0,sea,70.0,60.0,C28b,1.491432965
386,86.0,sea,70.0,60.0,C29a,1.553554282
387,86.0,sea,70.0,60.0,C29b,1.35980493
388,86.0,sea,70.0,60.0,Ts,1.314041046
389,86.0,sea,70.0,60.0,Tm,1.09858305
390,86.0,sea,70.0,60.0,C29,1.072928647
391,86.0,sea,70.0,60.0,C30,1.020443238
392,86.0,sea,70.0,60.0,H31S,1.00927166
393,86.0,sea,70.0,60.0,H31R,1.013632709
394,86.0,sea,70.0,60.0,H32S,0.894723029
395,86.0,sea,70.0,60.0,H32R,0.930188149
396,86.0,sea,70.0,60.0,H33S,0.893653
397,86.0,sea,70.0,60.0,H33R,0.839510324
398,86.0,sea,70.0,60.0,H34S,0.852424638
399,86.0,sea,70.0,60.0,H34R,0.751831558
400,86.0,sea,70.0,60.0,C23,0.921552953
401,86.0,sea,70.0,60.0,C24,1.115021912
402,86.0,sea,70.0,60.0,C25,1.32425997
403,86.0,sea,70.0,60.0,C26,1.273290508
404,86.0,sea,70.0,60.0,C28a,1.422616543
405,86.0,sea,70.0,60.0,C28b,1.55139614
406,86.0,sea,70.0,60.0,C29a,1.681057902
407,86.0,sea,70.0,60.0,C29b,2.165987967
408,86.0,sea,70.0,60.0,Ts,1.68221273
409,86.0,sea,70.0,60.0,Tm,1.358265433
410,86.0,sea,70.0,60.0,C29,1.291491288
411,86.0,sea,70.0,60.0,C30,1.226520045
412,86.0,sea,70.0,60.0,H31S,1.179929835
413,86.0,sea,70.0,60.0,H31R,1.317709674
414,86.0,sea,70.0,60.0,H32S,1.058654959
415,86.0,sea,70.0,60.0,H32R,1.025765691
416,86.0,sea,70.0,60.0,H33S,1.087677144
417,86.0,sea,70.0,60.0,H33R,1.009002642
418,86.0,sea,70.0,60.0,H34S,0.84596598
419,86.0,sea,70.0,60.0,H34R,0.942072166
420,86.0,sea,70.0,60.0,C23,0.736813886
421,86.0,sea,70.0,60.0,C24,0.851159775
422,86.0,sea,70.0,60.0,C25,0.959296284
423,86.0,sea,70.0,60.0,C26,0.913065983
424,86.0,sea,70.0,60.0,C28a,1.023468035
425,86.0,sea,70.0,60.0,C28b,1.026534282
426,86.0,sea,70.0,60.0,C29a,1.191133349
427,86.0,sea,70.0,60.0,C29b,1.023815133
428,86.0,sea,70.0,60.0,Ts,1.222593452
429,86.0,sea,70.0,60.0,Tm,1.10097545
430,86.0,sea,70.0,60.0,C29,0.980779586
431,86.0,sea,70.0,60.0,C30,0.924745944
432,86.0,sea,70.0,60.0,H31S,0.899084058
433,86.0,sea,70.0,60.0,H31R,0.95519294
434,86.0,sea,70.0,60.0,H32S,0.81568487
435,86.0,sea,70.0,60.0,H32R,0.725746613
436,86.0,sea,70.0,60.0,H33S,0.822593911
437,86.0,sea,70.0,60.0,H33R,0.724234492
438,86.0,sea,70.0,60.0,H34S,0.720354586
439,86.0,sea,70.0,60.0,H34R,0.623501509
440,86.0,sea,70.0,60.0,C23,0.88695223
441,86.0,sea,70.0,60.0,C24,1.033506918
442,86.0,sea,70.0,60.0,C25,1.143324971
443,86.0,sea,70.0,60.0,C26,1.22060191
444,86.0,sea,70.0,60.0,C28a,1.353445805
445,86.0,sea,70.0,60.0,C28b,1.440037758
446,86.0,sea,70.0,60.0,C29a,1.321208221
447,86.0,sea,70.0,60.0,C29b,1.108609117
448,86.0,sea,70.0,60.0,Ts,1.495817252
449,86.0,sea,70.0,60.0,Tm,1.296378648
450,86.0,sea,70.0,60.0,C29,1.13194842
451,86.0,sea,70.0,60.0,C30,1.081316
452,86.0,sea,70.0,60.0,H31S,1.022761245
453,86.0,sea,70.0,60.0,H31R,0.8824415
454,86.0,sea,70.0,60.0,H32S,0.95430797
455,86.0,sea,70.0,60.0,H32R,0.965283205
456,86.0,sea,70.0,60.0,H33S,0.890722436
457,86.0,sea,70.0,60.0,H33R,0.943002554
458,86.0,sea,70.0,60.0,H34S,0.696442401
459,86.0,sea,70.0,60.0,H34R,0.627577145
460,86.0,sea,70.0,60.0,C23,0.682046226
461,86.0,sea,70.0,60.0,C24,0.761754119
462,86.0,sea,70.0,60.0,C25,0.85953174
463,86.0,sea,70.0,60.0,C26,0.974198598
464,86.0,sea,70.0,60.0,C28a,0.940543365
465,86.0,sea,70.0,60.0,C28b,1.011536857
466,86.0,sea,70.0,60.0,C29a,1.124929099
467,86.0,sea,70.0,60.0,C29b,0.966668851
468,86.0,sea,70.0,60.0,Ts,1.112171815
469,86.0,sea,70.0,60.0,Tm,0.960945034
470,86.0,sea,70.0,60.0,C29,0.89344413
471,86.0,sea,70.0,60.0,C30,0.840070328
472,86.0,sea,70.0,60.0,H31S,0.77826041
473,86.0,sea,70.0,60.0,H31R,0.828914035
474,86.0,sea,70.0,60.0,H32S,0.749178787
475,86.0,sea,70.0,60.0,H32R,0.769822236
476,86.0,sea,70.0,60.0,H33S,0.695253148
477,86.0,sea,70.0,60.0,H33R,0.742691554
478,86.0,sea,70.0,60.0,H34S,0.561261227
479,86.0,sea,70.0,60.0,H34R,0.598324754
480,35.6,art,70.0,30.0,C23,0.804748683
481,35.6,art,70.0,30.0,C24,0.772266723
482,35.6,art,70.0,30.0,C25,0.742400549
483,35.6,art,70.0,30.0,C26,0.743725031
484,35.6,art,70.0,30.0,C28a,0.636195297
485,35.6,art,70.0,30.0,C28b,0.751082764
486,35.6,art,70.0,30.0,C29a,0.659143583
487,35.6,art,70.0,30.0,C29b,0.646695459
488,35.6,art,70.0,30.0,Ts,0.64362326
489,35.6,art,70.0,30.0,Tm,0.515425914
490,35.6,art,70.0,30.0,C29,0.635933089
491,35.6,art,70.0,30.0,C30,0.54547713
492,35.6,art,70.0,30.0,H31S,0.599917243
493,35.6,art,70.0,30.0,H31R,0.737952635
494,35.6,art,70.0,30.0,H32S,0.611047125
495,35.6,art,70.0,30.0,H32R,0.630694631
496,35.6,art,70.0,30.0,H33S,0.578314746
497,35.6,art,70.0,30.0,H33R,0.536959913
498,35.6,art,70.0,30.0,H34S,0.525461967
499,35.6,art,70.0,30.0,H34R,0.517330514
500,35.6,art,70.0,30.0,C23,0.751297045
501,35.6,art,70.0,30.0,C24,0.791024669
502,35.6,art,70.0,30.0,C25,0.698831049
503,35.6,art,70.0,30.0,C26,0.696105102
504,35.6,art,70.0,30.0,C28a,0.66273696
505,35.6,art,70.0,30.0,C28b,0.71961472
506,35.6,art,70.0,30.0,C29a,0.690243907
507,35.6,art,70.0,30.0,C29b,0.692132036
508,35.6,art,70.0,30.0,Ts,0.615383351
509,35.6,art,70.0,30.0,Tm,0.498475343
510,35.6,art,70.0,30.0,C29,0.623166986
511,35.6,art,70.0,30.0,C30,0.634379786
512,35.6,art,70.0,30.0,H31S,0.579101863
513,35.6,art,70.0,30.0,H31R,0.611049385
514,35.6,art,70.0,30.0,H32S,0.584549134
515,35.6,art,70.0,30.0,H32R,0.60446808
516,35.6,art,70.0,30.0,H33S,0.579270836
517,35.6,art,70.0,30.0,H33R,0.56948573
518,35.6,art,70.0,30.0,H34S,0.544480013
519,35.6,art,70.0,30.0,H34R,0.462665877
520,86.0,art,70.0,30.0,C23,0.80073524
521,86.0,art,70.0,30.0,C24,0.877028765
522,86.0,art,70.0,30.0,C25,0.892046888
523,86.0,art,70.0,30.0,C26,0.845798751
524,86.0,art,70.0,30.0,C28a,0.858027373
525,86.0,art,70.0,30.0,C28b,0.812786972
526,86.0,art,70.0,30.0,C29a,0.861832258
527,86.0,art,70.0,30.0,C29b,0.775919801
528,86.0,art,70.0,30.0,Ts,1.061246677
529,86.0,art,70.0,30.0,Tm,0.88810621
530,86.0,art,70.0,30.0,C29,0.862157383
531,86.0,art,70.0,30.0,C30,0.847102506
532,86.0,art,70.0,30.0,H31S,0.814374685
533,86.0,art,70.0,30.0,H31R,0.849090295
534,86.0,art,70.0,30.0,H32S,0.759221771
535,86.0,art,70.0,30.0,H32R,0.821793189
536,86.0,art,70.0,30.0,H33S,0.790768822
537,86.0,art,70.0,30.0,H33R,0.788333996
538,86.0,art,70.0,30.0,H34S,0.734992873
539,86.0,art,70.0,30.0,H34R,0.720820612
540,86.0,art,70.0,30.0,C23,0.823680825
541,86.0,art,70.0,30.0,C24,0.900743529
542,86.0,art,70.0,30.0,C25,0.920926865
543,86.0,art,70.0,30.0,C26,0.915725224
544,86.0,art,70.0,30.0,C28a,0.77930736
545,86.0,art,70.0,30.0,C28b,0.991421067
546,86.0,art,70.0,30.0,C29a,0.867425797
547,86.0,art,70.0,30.0,C29b,0.764759792
548,86.0,art,70.0,30.0,Ts,1.082822837
549,86.0,art,70.0,30.0,Tm,0.947807113
550,86.0,art,70.0,30.0,C29,0.896600319
551,86.0,art,70.0,30.0,C30,0.880595565
552,86.0,art,70.0,30.0,H31S,0.857023089
553,86.0,art,70.0,30.0,H31R,0.877113424
554,86.0,art,70.0,30.0,H32S,0.794794108
555,86.0,art,70.0,30.0,H32R,0.830114331
556,86.0,art,70.0,30.0,H33S,0.823264285
557,86.0,art,70.0,30.0,H33R,0.837195719
558,86.0,art,70.0,30.0,H34S,0.795651569
559,86.0,art,70.0,30.0,H34R,0.804811829
560,35.6,art,70.0,30.0,C23,0.758844002
561,35.6,art,70.0,30.0,C24,0.7661579
562,35.6,art,70.0,30.0,C25,0.715967001
563,35.6,art,70.0,30.0,C26,0.7834396
564,35.6,art,70.0,30.0,C28a,0.81760475
565,35.6,art,70.0,30.0,C28b,0.753726327
566,35.6,art,70.0,30.0,C29a,0.780045925
567,35.6,art,70.0,30.0,C29b,0.647762569
568,35.6,art,70.0,30.0,Ts,0.878361523
569,35.6,art,70.0,30.0,Tm,0.541496817
570,35.6,art,70.0,30.0,C29,0.635768184
571,35.6,art,70.0,30.0,C30,0.659410932
572,35.6,art,70.0,30.0,H31S,0.616399761
573,35.6,art,70.0,30.0,H31R,0.577747475
574,35.6,art,70.0,30.0,H32S,0.621823917
575,35.6,art,70.0,30.0,H32R,0.615793903
576,35.6,art,70.0,30.0,H33S,0.80581182
577,35.6,art,70.0,30.0,H33R,0.857341783
580,86.0,art,700.0,60.0,C23,1.39314753
581,86.0,art,700.0,60.0,C24,1.351419668
582,86.0,art,700.0,60.0,C25,1.433915062
583,86.0,art,700.0,60.0,C26,1.224780507
584,86.0,art,700.0,60.0,C28a,1.37405658
585,86.0,art,700.0,60.0,C28b,1.704020314
586,86.0,art,700.0,60.0,C29a,2.073395873
587,86.0,art,700.0,60.0,C29b,1.83917514
588,86.0,art,700.0,60.0,Ts,1.993553572
589,86.0,art,700.0,60.0,Tm,1.603915441
590,86.0,art,700.0,60.0,C29,1.353419923
591,86.0,art,700.0,60.0,C30,1.269693044
592,86.0,art,700.0,60.0,H31S,1.097572978
593,86.0,art,700.0,60.0,H31R,1.150414769
594,86.0,art,700.0,60.0,H32S,0.991444148
595,86.0,art,700.0,60.0,H32R,1.067345712
596,86.0,art,700.0,60.0,H33S,0.934736263
597,86.0,art,700.0,60.0,H33R,0.930743609
598,86.0,art,700.0,60.0,H34S,0.829201996
599,86.0,art,700.0,60.0,H34R,0.734679851
600,86.0,art,700.0,60.0,C23,1.098814848
601,86.0,art,700.0,60.0,C24,1.16537246
602,86.0,art,700.0,60.0,C25,1.101335941
603,86.0,art,700.0,60.0,C26,1.18100572
604,86.0,art,700.0,60.0,C28a,0.700811582
605,86.0,art,700.0,60.0,C28b,0.979174576
608,86.0,art,700.0,60.0,Ts,1.067597111
609,86.0,art,700.0,60.0,Tm,1.10214016
610,86.0,art,700.0,60.0,C29,1.000629433
611,86.0,art,700.0,60.0,C30,1.031680499
612,86.0,art,700.0,60.0,H31S,1.031933351
613,86.0,art,700.0,60.0,H31R,1.234526146
614,86.0,art,700.0,60.0,H32S,1.092112436
615,86.0,art,700.0,60.0,H32R,0.933064925
616,86.0,art,700.0,60.0,H33S,0.873179782
617,86.0,art,700.0,60.0,H33R,0.842309184
618,86.0,art,700.0,60.0,H34S,0.581836943
619,86.0,art,700.0,60.0,H34R,0.561858761
620,35.6,art,70.0,30.0,C23,1.106598475
621,35.6,art,70.0,30.0,C24,1.200168212
622,35.6,art,70.0,30.0,C25,1.210892343
623,35.6,art,70.0,30.0,C26,1.207025807
624,35.6,art,70.0,30.0,C28a,1.094807949
625,35.6,art,70.0,30.0,C28b,1.110183602
626,35.6,art,70.0,30.0,C29a,1.038480051
627,35.6,art,70.0,30.0,C29b,1.027117446
628,35.6,art,70.0,30.0,Ts,1.360676278
629,35.6,art,70.0,30.0,Tm,1.187993203
630,35.6,art,70.0,30.0,C29,1.126903568
631,35.6,art,70.0,30.0,C30,1.103647795
632,35.6,art,70.0,30.0,H31S,1.080885462
633,35.6,art,70.0,30.0,H31R,1.089591477
634,35.6,art,70.0,30.0,H32S,0.996744535
635,35.6,art,70.0,30.0,H32R,1.028031534
636,35.6,art,70.0,30.0,H33S,1.033036859
637,35.6,art,70.0,30.0,H33R,1.030438695
638,35.6,art,70.0,30.0,H34S,0.975160344
639,35.6,art,70.0,30.0,H34R,0.929908943
640,35.6,art,70.0,30.0,C23,0.864135397
641,35.6,art,70.0,30.0,C24,0.912396839
642,35.6,art,70.0,30.0,C25,0.925833867
643,35.6,art,70.0,30.0,C26,0.919265814
644,35.6,art,70.0,30.0,C28a,0.865758698
645,35.6,art,70.0,30.0,C28b,0.855040218
646,35.6,art,70.0,30.0,C29a,0.892055056
647,35.6,art,70.0,30.0,C29b,0.826193841
648,35.6,art,70.0,30.0,Ts,1.091375106
649,35.6,art,70.0,30.0,Tm,0.959992878
650,35.6,art,70.0,30.0,C29,0.933902559
651,35.6,art,70.0,30.0,C30,0.92398287
652,35.6,art,70.0,30.0,H31S,0.906860083
653,35.6,art,70.0,30.0,H31R,0.921947936
654,35.6,art,70.0,30.0,H32S,0.842322163
655,35.6,art,70.0,30.0,H32R,0.903545836
656,35.6,art,70.0,30.0,H33S,0.876513939
657,35.6,art,70.0,30.0,H33R,0.891197324
658,35.6,art,70.0,30.0,H34S,0.813984339
659,35.6,art,70.0,30.0,H34R,0.890682217
660,86.0,sea,70.0,30.0,C23,0.58544579
661,86.0,sea,70.0,30.0,C24,0.698368252
662,86.0,sea,70.0,30.0,C25,0.71935675
663,86.0,sea,70.0,30.0,C26,0.779651355
664,86.0,sea,70.0,30.0,C28a,0.848593384
665,86.0,sea,70.0,30.0,C28b,1.003544967
666,86.0,sea,70.0,30.0,C29a,0.807111589
667,86.0,sea,70.0,30.0,C29b,0.702034719
668,86.0,sea,70.0,30.0,Ts,0.977865029
669,86.0,sea,70.0,30.0,Tm,0.891106015
670,86.0,sea,70.0,30.0,C29,0.845862449
671,86.0,sea,70.0,30.0,C30,0.840457335
672,86.0,sea,70.0,30.0,H31S,0.821841042
673,86.0,sea,70.0,30.0,H31R,0.855653409
674,86.0,sea,70.0,30.0,H32S,0.795925563
675,86.0,sea,70.0,30.0,H32R,0.806367111
676,86.0,sea,70.0,30.0,H33S,0.797567382
677,86.0,sea,70.0,30.0,H33R,0.850055592
678,86.0,sea,70.0,30.0,H34S,0.717951212
679,86.0,sea,70.0,30.0,H34R,0.73570952
680,86.0,sea,70.0,30.0,C23,0.556395732
681,86.0,sea,70.0,30.0,C24,0.655563298
682,86.0,sea,70.0,30.0,C25,0.726219064
683,86.0,sea,70.0,30.0,C26,0.765679382
684,86.0,sea,70.0,30.0,C28a,0.896153298
685,86.0,sea,70.0,30.0,C28b,0.996652854
686,86.0,sea,70.0,30.0,C29a,0.816717255
687,86.0,sea,70.0,30.0,C29b,0.734855864
688,86.0,sea,70.0,30.0,Ts,0.947826265
689,86.0,sea,70.0,30.0,Tm,0.874859365
690,86.0,sea,70.0,30.0,C29,0.842023957
691,86.0,sea,70.0,30.0,C30,0.831074836
692,86.0,sea,70.0,30.0,H31S,0.819684849
693,86.0,sea,70.0,30.0,H31R,0.849558543
694,86.0,sea,70.0,30.0,H32S,0.801896626
695,86.0,sea,70.0,30.0,H32R,0.820230023
696,86.0,sea,70.0,30.0,H33S,0.809400036
697,86.0,sea,70.0,30.0,H33R,0.788502318
698,86.0,sea,70.0,30.0,H34S,0.716067587
699,86.0,sea,70.0,30.0,H34R,0.719320598
700,35.6,sea,700.0,30.0,C23,0.771023571
701,35.6,sea,700.0,30.0,C24,0.626451349
702,35.6,sea,700.0,30.0,C25,0.723348906
703,35.6,sea,700.0,30.0,C26,0.764570636
704,35.6,sea,700.0,30.0,C28a,0.832814095
705,35.6,sea,700.0,30.0,C28b,1.006929541
706,35.6,sea,700.0,30.0,C29a,1.082535714
707,35.6,sea,700.0,30.0,C29b,1.032307734
712,35.6,sea,700.0,30.0,H31S,0.64568128
713,35.6,sea,700.0,30.0,H31R,0.694889117
714,35.6,sea,700.0,30.0,H32S,0.673418398
715,35.6,sea,700.0,30.0,H32R,0.53474151
716,35.6,sea,700.0,30.0,H33S,0.836486269
717,35.6,sea,700.0,30.0,H33R,0.911798755
718,35.6,sea,700.0,30.0,H34S,0.820347761
720,35.6,sea,700.0,30.0,C23,0.88557877
721,35.6,sea,700.0,30.0,C24,0.821354575
722,35.6,sea,700.0,30.0,C25,0.657425415
723,35.6,sea,700.0,30.0,C26,0.734961887
724,35.6,sea,700.0,30.0,C28a,0.954053933
725,35.6,sea,700.0,30.0,C28b,0.930307562
726,35.6,sea,700.0,30.0,C29a,1.283724339
727,35.6,sea,700.0,30.0,C29b,1.051892243
728,35.6,sea,700.0,30.0,Ts,0.846777577
729,35.6,sea,700.0,30.0,Tm,0.622990129
730,35.6,sea,700.0,30.0,C29,0.725294978
731,35.6,sea,700.0,30.0,C30,0.598485429
732,35.6,sea,700.0,30.0,H31S,0.830824881
733,35.6,sea,700.0,30.0,H31R,0.982195439
734,35.6,sea,700.0,30.0,H32S,0.764373892
735,35.6,sea,700.0,30.0,H32R,0.683537541
736,35.6,sea,700.0,30.0,H33S,0.604259869
737,35.6,sea,700.0,30.0,H33R,0.722741902
738,35.6,sea,700.0,30.0,H34S,0.60153382
739,35.6,sea,700.0,30.0,H34R,0.732682621
740,86.0,sea,700.0,30.0,C23,0.598029543
741,86.0,sea,700.0,30.0,C24,0.632629235
742,86.0,sea,700.0,30.0,C25,0.656403662
743,86.0,sea,700.0,30.0,C26,0.620540502
744,86.0,sea,700.0,30.0,C28a,0.564768975
745,86.0,sea,700.0,30.0,C28b,0.605557903
746,86.0,sea,700.0,30.0,C29a,0.620603914
747,86.0,sea,700.0,30.0,C29b,0.524283354
748,86.0,sea,700.0,30.0,Ts,0.775668548
749,86.0,sea,700.0,30.0,Tm,0.607974281
750,86.0,sea,700.0,30.0,C29,0.546983742
751,86.0,sea,700.0,30.0,C30,0.528516987
752,86.0,sea,700.0,30.0,H31S,0.522542533
753,86.0,sea,700.0,30.0,H31R,0.588135936
754,86.0,sea,700.0,30.0,H32S,0.509938195
755,86.0,sea,700.0,30.0,H32R,0.469928192
756,86.0,sea,700.0,30.0,H33S,0.455466181
757,86.0,sea,700.0,30.0,H33R,0.515930429
758,86.0,sea,700.0,30.0,H34S,0.446808232
759,86.0,sea,700.0,30.0,H34R,0.557659825
760,86.0,sea,700.0,30.0,C23,0.504695595
761,86.0,sea,700.0,30.0,C24,0.521701295
762,86.0,sea,700.0,30.0,C25,0.520416749
763,86.0,sea,700.0,30.0,C26,0.536217704
764,86.0,sea,700.0,30.0,C28a,0.501309868
765,86.0,sea,700.0,30.0,C28b,0.57847427
766,86.0,sea,700.0,30.0,C29a,0.567342255
767,86.0,sea,700.0,30.0,C29b,0.487018601
768,86.0,sea,700.0,30.0,Ts,0.59240494
769,86.0,sea,700.0,30.0,Tm,0.545544782
770,86.0,sea,700.0,30.0,C29,0.486618454
771,86.0,sea,700.0,30.0,C30,0.466624901
772,86.0,sea,700.0,30.0,H31S,0.455479502
773,86.0,sea,700.0,30.0,H31R,0.467297772
774,86.0,sea,700.0,30.0,H32S,0.407325706
775,86.0,sea,700.0,30.0,H32R,0.39911028
776,86.0,sea,700.0,30.0,H33S,0.389261663
777,86.0,sea,700.0,30.0,H33R,0.419641367
778,86.0,sea,700.0,30.0,H34S,0.326506171
779,86.0,sea,700.0,30.0,H34R,0.296254844
780,86.0,sea,700.0,30.0,C23,0.567240118
781,86.0,sea,700.0,30.0,C24,0.561079406
782,86.0,sea,700.0,30.0,C25,0.572532005
783,86.0,sea,700.0,30.0,C26,0.579126869
784,86.0,sea,700.0,30.0,C28a,0.523306462
785,86.0,sea,700.0,30.0,C28b,0.617933983
786,86.0,sea,700.0,30.0,C29a,0.595868759
787,86.0,sea,700.0,30.0,C29b,0.502898483
788,86.0,sea,700.0,30.0,Ts,0.660923137
789,86.0,sea,700.0,30.0,Tm,0.578604578
790,86.0,sea,700.0,30.0,C29,0.483440656
791,86.0,sea,700.0,30.0,C30,0.493257825
792,86.0,sea,700.0,30.0,H31S,0.491840264
793,86.0,sea,700.0,30.0,H31R,0.533862712
794,86.0,sea,700.0,30.0,H32S,0.495143804
795,86.0,sea,700.0,30.0,H32R,0.420534485
796,86.0,sea,700.0,30.0,H33S,0.42261223
797,86.0,sea,700.0,30.0,H33R,0.37325051
798,86.0,sea,700.0,30.0,H34S,0.39884503
799,86.0,sea,700.0,30.0,H34R,0.331779124
800,86.0,sea,700.0,30.0,C23,0.729693627
801,86.0,sea,700.0,30.0,C24,0.6948387
802,86.0,sea,700.0,30.0,C25,0.709274489
803,86.0,sea,700.0,30.0,C26,0.644533436
804,86.0,sea,700.0,30.0,C28a,0.908065356
805,86.0,sea,700.0,30.0,C28b,0.899128202
806,86.0,sea,700.0,30.0,C29a,0.752339468
807,86.0,sea,700.0,30.0,C29b,0.673205558
808,86.0,sea,700.0,30.0,Ts,0.939546374
809,86.0,sea,700.0,30.0,Tm,0.803336047
810,86.0,sea,700.0,30.0,C29,0.744741329
811,86.0,sea,700.0,30.0,C30,0.701130231
812,86.0,sea,700.0,30.0,H31S,0.685756381
813,86.0,sea,700.0,30.0,H31R,0.687033847
814,86.0,sea,700.0,30.0,H32S,0.641968975
815,86.0,sea,700.0,30.0,H32R,0.605659599
816,86.0,sea,700.0,30.0,H33S,0.555591535
817,86.0,sea,700.0,30.0,H33R,0.596941645
818,86.0,sea,700.0,30.0,H34S,0.470952323
819,86.0,sea,700.0,30.0,H34R,0.415108745
820,86.0,art,70.0,30.0,C23,0.393146834
821,86.0,art,70.0,30.0,C24,0.41993723
822,86.0,art,70.0,30.0,C25,0.432713343
823,86.0,art,70.0,30.0,C26,0.363364706
824,86.0,art,70.0,30.0,C28a,0.474819113
825,86.0,art,70.0,30.0,C28b,0.48707972
826,86.0,art,70.0,30.0,C29a,0.458691261
827,86.0,art,70.0,30.0,C29b,0.400891837
828,86.0,art,70.0,30.0,Ts,0.524625064
829,86.0,art,70.0,30.0,Tm,0.427359841
830,86.0,art,70.0,30.0,C29,0.312359518
831,86.0,art,70.0,30.0,C30,0.489063017
832,86.0,art,70.0,30.0,H31S,0.71440575
833,86.0,art,70.0,30.0,H31R,0.74099888
834,86.0,art,70.0,30.0,H32S,0.79123014
835,86.0,art,70.0,30.0,H32R,0.684181397
836,86.0,art,70.0,30.0,H33S,0.46196758
837,86.0,art,70.0,30.0,H33R,0.434143014
838,86.0,art,70.0,30.0,H34S,0.426298481
839,86.0,art,70.0,30.0,H34R,0.386854112
840,86.0,art,70.0,30.0,C23,0.574678214
841,86.0,art,70.0,30.0,C24,0.620843739
842,86.0,art,70.0,30.0,C25,0.683815081
843,86.0,art,70.0,30.0,C26,0.59625464
844,86.0,art,70.0,30.0,C28a,0.678484835
845,86.0,art,70.0,30.0,C28b,0.772852948
846,86.0,art,70.0,30.0,C29a,0.72378957
847,86.0,art,70.0,30.0,C29b,0.634197236
848,86.0,art,70.0,30.0,Ts,0.848096496
849,86.0,art,70.0,30.0,Tm,0.723631419
850,86.0,art,70.0,30.0,C29,0.737206067
851,86.0,art,70.0,30.0,C30,0.721588639
852,86.0,art,70.0,30.0,H31S,0.682725765
853,86.0,art,70.0,30.0,H31R,0.744008359
854,86.0,art,70.0,30.0,H32S,0.661414286
855,86.0,art,70.0,30.0,H32R,0.713816711
856,86.0,art,70.0,30.0,H33S,0.680188668
857,86.0,art,70.0,30.0,H33R,0.722097406
858,86.0,art,70.0,30.0,H34S,0.653024115
859,86.0,art,70.0,30.0,H34R,0.647736165
860,86.0,art,70.0,30.0,C23,0.566531665
861,86.0,art,70.0,30.0,C24,0.59535068
862,86.0,art,70.0,30.0,C25,0.659779371
863,86.0,art,70.0,30.0,C26,0.554549232
864,86.0,art,70.0,30.0,C28a,0.689446738
865,86.0,art,70.0,30.0,C28b,0.800776562
866,86.0,art,70.0,30.0,C29a,0.600398205
867,86.0,art,70.0,30.0,C29b,0.567612133
868,86.0,art,70.0,30.0,Ts,0.888648422
869,86.0,art,70.0,30.0,Tm,0.714202989
870,86.0,art,70.0,30.0,C29,0.693450958
871,86.0,art,70.0,30.0,C30,0.678921497
872,86.0,art,70.0,30.0,H31S,0.655375103
873,86.0,art,70.0,30.0,H31R,0.770534553
874,86.0,art,70.0,30.0,H32S,0.60826443
875,86.0,art,70.0,30.0,H32R,0.658612702
876,86.0,art,70.0,30.0,H33S,0.675634539
877,86.0,art,70.0,30.0,H33R,0.694588261
878,86.0,art,70.0,30.0,H34S,0.709476783
879,86.0,art,70.0,30.0,H34R,0.650368914
880,35.6,sea,700.0,30.0,C23,1.044617981
881,35.6,sea,700.0,30.0,C24,1.041099496
882,35.6,sea,700.0,30.0,C25,1.02322615
883,35.6,sea,700.0,30.0,C26,0.859550546
884,35.6,sea,700.0,30.0,C28a,0.820220528
885,35.6,sea,700.0,30.0,C28b,0.864311042
886,35.6,sea,700.0,30.0,C29a,1.207878371
887,35.6,sea,700.0,30.0,C29b,1.158450389
888,35.6,sea,700.0,30.0,Ts,1.101606535
889,35.6,sea,700.0,30.0,Tm,0.696888643
890,35.6,sea,700.0,30.0,C29,0.89150186
891,35.6,sea,700.0,30.0,C30,1.060769768
892,35.6,sea,700.0,30.0,H31S,1.002453697
893,35.6,sea,700.0,30.0,H31R,1.092026439
894,35.6,sea,700.0,30.0,H32S,0.800864761
895,35.6,sea,700.0,30.0,H32R,0.92761861
896,35.6,sea,700.0,30.0,H33S,1.0278139
897,35.6,sea,700.0,30.0,H33R,0.977337055
898,35.6,sea,700.0,30.0,H34S,1.327473765
899,35.6,sea,700.0,30.0,H34R,1.463257165
900,35.6,sea,700.0,30.0,C23,0.881175794
901,35.6,sea,700.0,30.0,C24,0.892605813
902,35.6,sea,700.0,30.0,C25,0.910723989
903,35.6,sea,700.0,30.0,C26,0.721427531
904,35.6,sea,700.0,30.0,C28a,0.853006523
905,35.6,sea,700.0,30.0,C28b,0.959288052
906,35.6,sea,700.0,30.0,C29a,1.018435202
907,35.6,sea,700.0,30.0,C29b,0.908964349
908,35.6,sea,700.0,30.0,Ts,0.968672763
909,35.6,sea,700.0,30.0,Tm,0.849165462
910,35.6,sea,700.0,30.0,C29,0.828836226
911,35.6,sea,700.0,30.0,C30,0.814357672
912,35.6,sea,700.0,30.0,H31S,0.794863329
913,35.6,sea,700.0,30.0,H31R,0.828922282
914,35.6,sea,700.0,30.0,H32S,0.773606346
915,35.6,sea,700.0,30.0,H32R,0.829722305
916,35.6,sea,700.0,30.0,H33S,0.793882579
917,35.6,sea,700.0,30.0,H33R,0.827120088
918,35.6,sea,700.0,30.0,H34S,0.855434669
919,35.6,sea,700.0,30.0,H34R,0.74434167
920,35.6,sea,70.0,30.0,C23,0.969432234
921,35.6,sea,70.0,30.0,C24,1.037853405
922,35.6,sea,70.0,30.0,C25,1.141725299
923,35.6,sea,70.0,30.0,C26,0.976837903
924,35.6,sea,70.0,30.0,C28a,1.139743222
925,35.6,sea,70.0,30.0,C28b,1.22964182
926,35.6,sea,70.0,30.0,C29a,1.714625392
927,35.6,sea,70.0,30.0,C29b,1.745766679
928,35.6,sea,70.0,30.0,Ts,1.70045818
929,35.6,sea,70.0,30.0,Tm,1.586736285
930,35.6,sea,70.0,30.0,C29,0.0
931,35.6,sea,70.0,30.0,C30,0.980104379
932,35.6,sea,70.0,30.0,H31S,0.929332289
933,35.6,sea,70.0,30.0,H31R,0.956439819
934,35.6,sea,70.0,30.0,H32S,0.854159096
935,35.6,sea,70.0,30.0,H32R,0.932542102
936,35.6,sea,70.0,30.0,H33S,1.011698665
937,35.6,sea,70.0,30.0,H33R,1.009118189
938,35.6,sea,70.0,30.0,H34S,0.958797252
939,35.6,sea,70.0,30.0,H34R,1.130913109
940,35.6,art,700.0,30.0,C23,1.537619855
941,35.6,art,700.0,30.0,C24,1.676045851
942,35.6,art,700.0,30.0,C25,1.644231207
943,35.6,art,700.0,30.0,C26,1.515772312
944,35.6,art,700.0,30.0,C28a,1.69470369
945,35.6,art,700.0,30.0,C28b,2.110047613
946,35.6,art,700.0,30.0,C29a,1.709215389
947,35.6,art,700.0,30.0,C29b,1.53027434
948,35.6,art,700.0,30.0,Ts,1.877201967
949,35.6,art,700.0,30.0,Tm,1.688271184
950,35.6,art,700.0,30.0,C29,1.586061076
951,35.6,art,700.0,30.0,C30,1.568571683
952,35.6,art,700.0,30.0,H31S,1.494690237
953,35.6,art,700.0,30.0,H31R,1.536781667
954,35.6,art,700.0,30.0,H32S,1.469079886
955,35.6,art,700.0,30.0,H32R,1.46376184
956,35.6,art,700.0,30.0,H33S,1.439060777
957,35.6,art,700.0,30.0,H33R,1.481111596
958,35.6,art,700.0,30.0,H34S,1.310031926
959,35.6,art,700.0,30.0,H34R,1.189460644
960,35.6,art,700.0,30.0,C23,1.436031538
961,35.6,art,700.0,30.0,C24,1.478242712
962,35.6,art,700.0,30.0,C25,1.521952818
963,35.6,art,700.0,30.0,C26,1.430127156
964,35.6,art,700.0,30.0,C28a,1.616603108
965,35.6,art,700.0,30.0,C28b,1.954710277
966,35.6,art,700.0,30.0,C29a,1.630222087
967,35.6,art,700.0,30.0,C29b,1.434247723
968,35.6,art,700.0,30.0,Ts,1.809718173
969,35.6,art,700.0,30.0,Tm,1.613889799
970,35.6,art,700.0,30.0,C29,1.549317991
971,35.6,art,700.0,30.0,C30,1.492069213
972,35.6,art,700.0,30.0,H31S,1.428618298
973,35.6,art,700.0,30.0,H31R,1.525731669
974,35.6,art,700.0,30.0,H32S,1.390305387
975,35.6,art,700.0,30.0,H32R,1.403383079
976,35.6,art,700.0,30.0,H33S,1.35515025
977,35.6,art,700.0,30.0,H33R,1.375606134
978,35.6,art,700.0,30.0,H34S,1.226584044
979,35.6,art,700.0,30.0,H34R,1.167554768
980,35.6,sea,700.0,60.0,C23,0.77413345
981,35.6,sea,700.0,60.0,C24,0.802148785
982,35.6,sea,700.0,60.0,C25,0.789216683
983,35.6,sea,700.0,60.0,C26,0.80580342
984,35.6,sea,700.0,60.0,C28a,0.819600086
985,35.6,sea,700.0,60.0,C28b,0.799766367
986,35.6,sea,700.0,60.0,C29a,0.770627044
987,35.6,sea,700.0,60.0,C29b,0.671685088
988,35.6,sea,700.0,60.0,Ts,0.910830034
989,35.6,sea,700.0,60.0,Tm,0.830018559
990,35.6,sea,700.0,60.0,C29,0.825630378
991,35.6,sea,700.0,60.0,C30,0.828207471
992,35.6,sea,700.0,60.0,H31S,0.831847749
993,35.6,sea,700.0,60.0,H31R,0.867066693
994,35.6,sea,700.0,60.0,H32S,0.838429207
995,35.6,sea,700.0,60.0,H32R,0.837234932
996,35.6,sea,700.0,60.0,H33S,0.826820042
997,35.6,sea,700.0,60.0,H33R,0.854099174
998,35.6,sea,700.0,60.0,H34S,0.865227325
999,35.6,sea,700.0,60.0,H34R,0.929783082
1000,86.0,sea,700.0,30.0,C23,0.686807219
1001,86.0,sea,700.0,30.0,C24,0.715333548
1002,86.0,sea,700.0,30.0,C25,0.677898925
1003,86.0,sea,700.0,30.0,C26,0.655308868
1004,86.0,sea,700.0,30.0,C28a,0.698646481
1005,86.0,sea,700.0,30.0,C28b,0.75763476
1006,86.0,sea,700.0,30.0,C29a,0.741457057
1007,86.0,sea,700.0,30.0,C29b,0.616592358
1008,86.0,sea,700.0,30.0,Ts,0.805448403
1009,86.0,sea,700.0,30.0,Tm,0.783468941
1010,86.0,sea,700.0,30.0,C29,0.680628066
1011,86.0,sea,700.0,30.0,C30,0.689888249
1012,86.0,sea,700.0,30.0,H31S,0.62296346
1013,86.0,sea,700.0,30.0,H31R,0.618891436
1014,86.0,sea,700.0,30.0,H32S,0.613261018
1015,86.0,sea,700.0,30.0,H32R,0.614074495
1016,86.0,sea,700.0,30.0,H33S,0.657102256
1017,86.0,sea,700.0,30.0,H33R,0.70350001
1018,86.0,sea,700.0,30.0,H34S,0.644584411
1019,86.0,sea,700.0,30.0,H34R,0.621552758
1020,86.0,sea,700.0,30.0,C23,0.845642265
1021,86.0,sea,700.0,30.0,C24,0.882873143
1022,86.0,sea,700.0,30.0,C25,0.846042237
1023,86.0,sea,700.0,30.0,C26,0.854878957
1024,86.0,sea,700.0,30.0,C28a,0.874196575
1025,86.0,sea,700.0,30.0,C28b,0.973258266
1026,86.0,sea,700.0,30.0,C29a,0.883547164
1027,86.0,sea,700.0,30.0,C29b,0.742049281
1028,86.0,sea,700.0,30.0,Ts,0.947181666
1029,86.0,sea,700.0,30.0,Tm,0.933400956
1030,86.0,sea,700.0,30.0,C29,0.852985518
1031,86.0,sea,700.0,30.0,C30,0.844130523
1032,86.0,sea,700.0,30.0,H31S,0.783184163
1033,86.0,sea,700.0,30.0,H31R,0.814921334
1034,86.0,sea,700.0,30.0,H32S,0.79156499
1035,86.0,sea,700.0,30.0,H32R,0.845542253
1036,86.0,sea,700.0,30.0,H33S,0.770379163
1037,86.0,sea,700.0,30.0,H33R,0.814534149
1038,86.0,sea,700.0,30.0,H34S,0.670764134
1039,86.0,sea,700.0,30.0,H34R,0.626005798
